Temperature (Celsius),Tensile Strength (MPa),Yield Strength (MPa),Modulus of Elasticity (MPa),Hardness (HV),Toughness (J),Media
750,499.71,340.87,1942.87,177.65,56.94,water
800,632.9,475.72,1945.86,207.7,53.92,water
850,506.29,475.72,1818.86,230.67,52.16,water
900,568.91,427.74,1820.59,205.18,51.67,water
750,463.19,353.06,1824.68,179.98,59.16,Spent oil
800,593.19,432.72,1929.08,211.17,63.94,Spent oil
850,450.25,321.84,1694.12,214.93,66.73,Spent oil
900,512.33,378.38,2409.73,201.78,68.28,Spent oil
750,500.03,340.9,1946.98,177.73,56.95,water
750,462.54,352.85,1823.79,180.0,59.13,Spent oil
750,499.1,341.08,1942.66,177.63,56.89,water
750,500.01,341.01,1945.69,177.63,56.92,water
750,497.84,341.32,1938.18,177.64,56.91,water
750,461.37,352.84,1826.28,179.98,59.17,Spent oil
750,498.78,340.75,1943.57,177.71,56.95,water
750,499.43,340.45,1944.93,177.65,56.94,water
750,500.11,340.68,1944.08,177.71,56.97,water
750,465.09,353.22,1834.94,179.97,59.25,Spent oil
750,500.82,341.2,1940.21,177.66,57.01,water
750,499.5,340.47,1940.65,177.49,56.82,water
750,499.69,341.24,1940.27,177.73,56.74,water
750,498.42,341.45,1940.55,177.68,57.01,water
750,463.17,353.24,1822.02,180.06,59.05,Spent oil
750,499.34,341.68,1947.84,177.41,56.92,water
750,463.61,352.73,1830.62,180.15,59.07,Spent oil
750,462.12,352.52,1822.3,179.97,59.02,Spent oil
750,463.86,352.29,1821.2,180.07,59.2,Spent oil
750,501.69,341.51,1944.84,177.56,57.0,water
750,463.05,353.34,1822.37,180.03,59.11,Spent oil
750,500.23,340.85,1945.51,177.56,56.74,water
750,464.08,353.18,1825.53,179.93,59.12,Spent oil
750,462.67,352.57,1818.35,180.14,59.19,Spent oil
750,463.48,354.11,1831.15,179.96,59.04,Spent oil
750,463.21,353.12,1832.18,180.0,59.17,Spent oil
750,463.32,353.11,1822.12,180.05,59.16,Spent oil
750,462.19,353.37,1823.06,180.02,59.21,Spent oil
750,463.22,353.27,1825.87,179.99,59.17,Spent oil
750,463.83,353.16,1826.08,180.01,59.08,Spent oil
750,501.58,340.53,1945.62,177.85,57.03,water
750,500.95,341.07,1951.27,177.65,56.93,water
750,465.97,353.87,1823.94,180.0,59.16,Spent oil
750,462.2,353.64,1821.34,180.07,59.09,Spent oil
750,464.32,353.75,1818.92,180.07,59.13,Spent oil
750,499.95,340.65,1939.82,177.75,56.87,water
750,466.02,352.63,1824.54,180.03,59.15,Spent oil
750,498.67,340.82,1950.37,177.56,57.07,water
750,498.63,340.89,1940.71,177.78,56.83,water
750,498.94,341.34,1943.81,177.56,56.81,water
750,496.97,340.14,1942.8,177.67,57.06,water
750,499.03,341.53,1947.84,177.59,56.92,water
750,462.21,352.99,1835.24,179.97,59.11,Spent oil
750,463.38,352.88,1822.46,180.01,59.24,Spent oil
750,463.63,352.62,1822.63,180.01,59.11,Spent oil
750,465.61,352.35,1829.04,180.01,59.3,Spent oil
750,464.42,353.41,1827.53,180.11,59.21,Spent oil
750,498.97,340.9,1950.59,177.69,56.9,water
750,462.03,352.5,1827.12,179.96,59.33,Spent oil
750,463.83,352.5,1823.18,180.06,59.11,Spent oil
750,498.01,340.73,1945.34,177.75,57.0,water
750,465.55,353.78,1829.31,179.88,59.18,Spent oil
750,501.23,340.76,1946.3,177.7,57.04,water
750,462.58,352.41,1826.8,180.04,59.28,Spent oil
750,497.5,340.76,1947.33,177.63,56.94,water
750,464.94,352.94,1829.57,180.09,59.1,Spent oil
750,463.04,351.9,1830.46,179.97,59.2,Spent oil
750,501.31,340.85,1945.58,177.66,56.89,water
750,497.65,340.77,1942.17,177.64,57.1,water
750,498.94,341.17,1943.48,177.65,56.95,water
750,499.72,341.67,1947.91,177.56,56.91,water
750,499.77,341.36,1939.46,177.53,56.95,water
750,499.13,340.75,1944.41,177.78,56.83,water
750,500.51,340.39,1941.23,177.58,56.86,water
750,498.33,341.98,1942.99,177.57,57.03,water
750,463.01,353.09,1830.02,179.8,59.11,Spent oil
750,463.35,353.07,1825.48,179.93,59.08,Spent oil
750,500.37,340.86,1943.06,177.54,56.98,water
750,464.11,353.15,1819.0,180.12,59.25,Spent oil
750,461.74,353.0,1827.8,180.06,59.22,Spent oil
750,461.21,352.81,1827.38,179.92,59.24,Spent oil
750,464.84,352.82,1833.72,180.17,59.1,Spent oil
750,500.14,340.86,1941.58,177.73,56.83,water
750,462.22,352.83,1825.6,179.95,59.28,Spent oil
750,501.71,340.56,1943.91,177.44,56.91,water
750,463.34,353.11,1831.27,180.17,59.14,Spent oil
750,464.71,352.95,1824.28,179.87,59.26,Spent oil
750,463.28,353.71,1825.85,179.84,59.2,Spent oil
750,502.37,339.73,1945.41,177.73,56.98,water
750,465.46,353.53,1825.46,180.18,59.33,Spent oil
750,499.39,341.41,1941.0,177.76,56.89,water
750,464.44,352.17,1825.49,180.03,59.23,Spent oil
750,500.54,340.72,1947.36,177.7,56.94,water
750,464.96,352.9,1820.39,180.05,59.18,Spent oil
750,498.46,340.26,1943.43,177.71,57.06,water
750,500.6,340.53,1939.94,177.67,56.98,water
750,464.56,352.58,1829.67,179.99,59.2,Spent oil
750,497.44,341.63,1936.51,177.64,57.02,water
750,461.66,353.46,1822.34,179.92,59.13,Spent oil
750,460.56,353.61,1826.26,179.96,59.09,Spent oil
750,462.84,353.37,1831.22,179.84,59.08,Spent oil
750,464.12,352.57,1824.41,179.97,59.01,Spent oil
750,465.13,352.83,1822.36,179.9,59.32,Spent oil
750,463.29,353.27,1832.54,179.89,59.07,Spent oil
750,465.29,352.53,1818.63,179.99,59.14,Spent oil
750,461.41,353.37,1815.49,180.09,59.14,Spent oil
750,460.99,352.96,1826.52,180.06,59.18,Spent oil
750,463.12,352.9,1822.58,179.85,59.22,Spent oil
750,463.69,353.37,1820.41,179.9,59.23,Spent oil
750,499.67,341.06,1945.83,177.73,56.89,water
750,497.04,340.71,1943.89,177.57,56.93,water
750,463.07,353.56,1822.32,179.96,59.18,Spent oil
750,461.51,352.59,1819.33,180.03,59.14,Spent oil
750,464.05,353.33,1828.33,179.9,59.29,Spent oil
750,463.66,353.32,1827.4,179.99,59.2,Spent oil
750,461.98,352.93,1824.27,179.87,59.22,Spent oil
750,462.53,353.2,1832.4,179.93,59.21,Spent oil
750,461.82,352.52,1820.21,180.01,59.25,Spent oil
750,463.11,353.46,1818.31,179.85,59.17,Spent oil
750,500.94,340.79,1939.98,177.69,56.84,water
750,461.92,352.83,1824.49,179.98,59.19,Spent oil
750,500.36,341.32,1943.89,177.7,56.89,water
750,462.51,352.76,1823.67,180.0,59.12,Spent oil
750,462.17,352.45,1826.15,180.09,59.21,Spent oil
750,499.57,340.2,1937.64,177.66,57.04,water
750,461.85,353.32,1830.71,179.94,59.16,Spent oil
750,499.0,340.32,1942.53,177.66,56.96,water
750,461.64,353.82,1829.35,180.02,59.29,Spent oil
750,465.73,352.16,1826.11,179.98,59.18,Spent oil
750,499.76,341.6,1944.78,177.65,57.14,water
750,462.29,353.15,1827.06,179.92,59.2,Spent oil
750,499.99,340.83,1944.74,177.6,56.8,water
750,463.04,352.83,1827.37,179.86,59.22,Spent oil
750,499.42,341.04,1948.42,177.79,56.97,water
750,500.5,340.85,1943.69,177.55,57.04,water
750,464.17,353.54,1827.64,179.92,59.21,Spent oil
750,462.51,353.11,1824.31,179.92,59.15,Spent oil
750,498.97,340.93,1948.89,177.72,56.84,water
750,462.83,352.9,1821.85,179.96,59.14,Spent oil
750,460.22,353.04,1832.21,180.08,59.09,Spent oil
750,461.23,353.19,1824.51,179.92,59.11,Spent oil
750,501.47,340.13,1936.89,177.67,56.99,water
750,501.83,340.29,1943.41,177.58,57.07,water
750,499.39,341.19,1940.02,177.83,56.97,water
750,500.45,340.94,1946.38,177.55,56.85,water
750,500.11,340.79,1940.14,177.68,56.97,water
750,503.69,340.88,1941.01,177.7,57.03,water
750,501.16,341.02,1934.97,177.68,56.89,water
750,499.54,340.64,1940.98,177.63,56.93,water
750,498.48,340.53,1932.74,177.64,56.94,water
750,461.12,353.14,1818.06,179.98,59.1,Spent oil
750,499.97,340.45,1946.05,177.64,56.99,water
750,462.21,353.24,1827.96,180.06,59.15,Spent oil
750,461.35,352.33,1826.46,180.16,59.19,Spent oil
750,462.36,353.5,1820.64,179.93,59.09,Spent oil
750,498.31,341.07,1942.67,177.54,56.91,water
750,501.89,340.98,1942.85,177.64,57.0,water
750,500.85,341.29,1938.03,177.86,56.91,water
750,499.7,341.59,1949.15,177.58,57.08,water
750,465.1,353.5,1828.35,180.12,59.13,Spent oil
750,499.81,340.08,1941.95,177.79,56.96,water
750,498.6,340.32,1942.98,177.6,57.01,water
750,501.68,340.6,1943.74,177.7,56.83,water
750,500.41,340.88,1934.34,177.78,56.8,water
750,498.37,341.09,1941.84,177.62,56.82,water
750,462.94,352.75,1821.83,179.96,59.26,Spent oil
750,498.58,340.95,1938.68,177.6,56.9,water
750,461.4,352.73,1823.51,179.9,59.36,Spent oil
750,500.91,340.61,1950.38,177.6,56.9,water
750,465.66,352.45,1827.36,179.88,59.17,Spent oil
750,497.9,340.47,1940.48,177.65,57.06,water
750,500.44,340.29,1945.26,177.59,57.1,water
750,462.35,352.64,1830.53,180.0,59.32,Spent oil
750,462.56,353.51,1828.54,179.85,59.25,Spent oil
750,462.43,352.65,1824.93,180.01,59.24,Spent oil
750,498.59,342.0,1940.17,177.72,56.99,water
750,463.25,353.27,1827.6,179.82,59.22,Spent oil
750,498.64,340.95,1944.51,177.68,56.9,water
750,500.06,340.5,1946.61,177.75,56.88,water
750,463.13,353.36,1827.33,179.88,59.16,Spent oil
750,462.88,352.81,1829.07,180.12,59.15,Spent oil
750,498.54,340.92,1940.63,177.68,56.9,water
750,498.97,341.97,1948.37,177.59,56.99,water
750,464.17,353.02,1825.51,179.98,59.23,Spent oil
750,463.84,353.56,1833.35,180.03,59.17,Spent oil
750,461.93,352.76,1821.8,179.99,59.28,Spent oil
750,499.84,340.85,1950.12,177.69,56.85,water
750,500.68,341.63,1943.7,177.57,56.92,water
750,497.55,340.6,1940.15,177.66,56.88,water
750,500.41,341.65,1940.85,177.53,56.79,water
750,498.85,341.18,1941.53,177.64,56.93,water
750,500.45,340.63,1944.64,177.58,56.93,water
750,462.2,353.33,1826.86,179.92,59.28,Spent oil
750,497.38,341.29,1940.47,177.75,56.99,water
750,497.61,341.14,1942.77,177.74,56.86,water
750,499.77,340.19,1951.82,177.7,57.09,water
750,463.53,352.75,1831.9,179.89,59.26,Spent oil
750,498.54,340.76,1944.69,177.62,56.99,water
750,500.53,340.84,1943.03,177.75,56.92,water
750,461.04,353.33,1825.18,179.99,59.08,Spent oil
750,499.62,340.95,1945.43,177.84,56.91,water
750,498.15,340.29,1938.6,177.68,57.03,water
750,498.87,341.03,1941.79,177.67,57.09,water
750,499.77,341.13,1935.9,177.62,57.06,water
750,498.6,341.11,1944.54,177.66,56.9,water
750,462.69,353.53,1827.38,179.97,59.07,Spent oil
750,464.49,353.42,1822.66,180.04,59.17,Spent oil
750,462.45,353.26,1831.26,180.06,59.02,Spent oil
750,500.79,340.84,1937.75,177.59,56.97,water
750,498.25,340.15,1936.75,177.54,56.93,water
750,500.39,341.06,1943.81,177.5,56.9,water
750,465.05,353.15,1829.06,180.02,59.03,Spent oil
750,496.52,340.99,1949.91,177.56,56.98,water
750,498.68,340.32,1940.95,177.47,56.9,water
750,463.94,352.59,1829.19,180.01,59.07,Spent oil
750,499.45,341.32,1942.71,177.86,56.71,water
750,463.67,353.04,1823.96,179.98,59.16,Spent oil
750,462.41,353.35,1828.37,180.05,59.3,Spent oil
750,463.3,353.07,1827.41,179.99,59.29,Spent oil
750,499.51,340.88,1936.28,177.64,56.9,water
750,501.22,341.27,1949.04,177.73,56.89,water
750,500.04,340.65,1948.64,177.63,56.98,water
750,500.15,340.91,1940.26,177.67,56.86,water
750,499.18,340.67,1944.52,177.68,56.96,water
750,499.08,340.68,1944.93,177.59,57.0,water
750,499.15,340.74,1943.96,177.73,57.04,water
750,463.7,353.16,1822.38,179.97,59.15,Spent oil
750,499.17,340.66,1940.06,177.59,56.92,water
750,463.56,353.6,1824.57,180.02,59.09,Spent oil
750,502.39,340.48,1947.77,177.58,56.88,water
750,500.83,340.79,1945.14,177.65,56.92,water
750,499.29,340.68,1941.32,177.65,56.97,water
750,464.74,353.68,1827.9,180.07,59.23,Spent oil
750,462.66,353.14,1812.78,180.02,59.1,Spent oil
750,460.56,353.5,1829.48,179.98,59.28,Spent oil
750,461.89,352.42,1817.41,180.05,59.14,Spent oil
750,497.29,340.99,1941.36,177.76,56.94,water
750,462.74,353.44,1820.0,180.03,59.1,Spent oil
750,499.73,340.91,1937.46,177.65,56.75,water
750,501.87,341.33,1947.72,177.54,57.01,water
750,463.61,352.84,1822.73,179.89,59.22,Spent oil
750,462.91,353.67,1826.13,179.95,59.14,Spent oil
750,464.26,354.05,1824.48,179.93,59.17,Spent oil
750,460.34,352.9,1826.67,179.96,59.2,Spent oil
750,463.49,352.87,1825.0,179.98,59.04,Spent oil
750,464.19,353.69,1819.32,180.02,59.12,Spent oil
750,461.28,353.74,1828.84,179.97,59.22,Spent oil
750,464.67,352.83,1822.62,180.02,59.06,Spent oil
750,500.15,340.69,1936.37,177.66,56.96,water
750,462.65,352.94,1822.89,179.82,59.05,Spent oil
750,464.01,352.48,1830.95,179.9,59.2,Spent oil
750,502.64,340.47,1946.42,177.64,56.94,water
750,463.42,352.63,1823.22,179.88,59.03,Spent oil
750,500.03,340.54,1941.41,177.7,57.03,water
750,499.12,340.86,1941.53,177.78,56.88,water
750,462.09,353.16,1833.36,180.08,59.1,Spent oil
750,500.78,341.54,1944.47,177.63,56.96,water
750,498.6,340.44,1944.67,177.77,57.03,water
800,631.17,478.8,1946.2,207.58,53.85,water
800,593.89,432.73,1929.04,210.93,63.92,Spent oil
800,632.25,475.43,1946.53,207.74,53.95,water
800,632.75,475.18,1945.66,207.51,54.01,water
800,596.9,432.45,1929.41,211.18,63.9,Spent oil
800,591.08,434.81,1928.48,211.14,64.02,Spent oil
800,593.55,429.36,1929.07,211.25,64.5,Spent oil
800,633.56,478.05,1945.76,207.66,54.27,water
800,634.42,473.56,1945.99,207.66,54.23,water
800,633.04,475.31,1945.64,207.79,53.76,water
800,593.62,432.07,1929.0,211.21,63.62,Spent oil
800,632.35,476.61,1946.35,207.74,54.26,water
800,633.28,473.29,1945.6,207.76,54.23,water
800,592.71,433.42,1928.13,210.98,64.46,Spent oil
800,594.06,435.8,1930.12,211.26,63.73,Spent oil
800,592.67,430.65,1929.9,211.25,63.86,Spent oil
800,593.72,433.01,1928.31,211.05,63.36,Spent oil
800,593.15,431.71,1929.49,211.14,63.8,Spent oil
800,634.48,476.37,1945.56,207.7,54.27,water
800,593.12,432.75,1929.24,211.15,63.77,Spent oil
800,630.41,474.74,1946.03,207.74,54.15,water
800,634.67,476.46,1945.72,207.88,53.85,water
800,591.92,435.46,1928.62,211.3,64.05,Spent oil
800,592.27,432.43,1928.67,211.01,63.53,Spent oil
800,592.35,433.81,1928.54,211.25,63.97,Spent oil
800,634.83,473.75,1945.37,207.86,52.86,water
800,590.19,431.27,1929.04,211.22,63.87,Spent oil
800,597.6,433.44,1928.66,211.3,63.36,Spent oil
800,594.67,434.98,1929.48,211.42,64.37,Spent oil
800,593.5,433.26,1929.96,211.3,64.22,Spent oil
800,593.11,432.24,1928.74,211.2,64.11,Spent oil
800,633.3,475.72,1946.0,207.83,54.46,water
800,633.63,473.82,1946.16,207.72,53.58,water
800,633.81,476.64,1946.14,207.7,54.54,water
800,593.97,434.06,1929.13,211.13,64.27,Spent oil
800,593.32,432.03,1929.52,211.36,63.86,Spent oil
800,592.91,432.01,1929.37,211.07,64.34,Spent oil
800,632.69,476.12,1945.13,207.89,53.53,water
800,592.92,432.06,1929.6,211.23,63.65,Spent oil
800,594.78,432.62,1929.61,211.0,63.72,Spent oil
800,594.02,435.91,1928.63,211.22,63.75,Spent oil
800,628.77,475.34,1945.88,207.44,53.55,water
800,594.11,432.18,1929.49,211.25,64.37,Spent oil
800,633.17,474.74,1945.74,207.81,53.83,water
800,593.16,433.85,1929.72,211.1,64.06,Spent oil
800,632.35,475.44,1947.26,207.72,53.72,water
800,634.48,474.73,1945.39,207.94,53.28,water
800,634.23,477.73,1945.04,207.64,54.02,water
800,592.1,434.88,1929.26,211.04,63.26,Spent oil
800,593.76,431.81,1929.51,211.35,63.92,Spent oil
800,631.54,472.88,1945.72,207.94,53.44,water
800,630.96,477.25,1946.72,207.7,54.62,water
800,592.31,431.68,1928.29,211.29,64.26,Spent oil
800,594.4,433.92,1929.49,211.33,63.98,Spent oil
800,634.24,472.72,1945.5,207.61,54.37,water
800,593.91,434.08,1930.1,211.11,63.64,Spent oil
800,594.21,430.88,1930.26,211.32,64.13,Spent oil
800,593.91,433.83,1928.63,211.38,64.01,Spent oil
800,592.29,432.74,1928.75,211.24,64.03,Spent oil
800,633.51,474.27,1946.37,207.59,54.37,water
800,594.31,432.1,1928.85,211.41,64.2,Spent oil
800,594.25,433.76,1929.05,211.1,64.04,Spent oil
800,634.57,475.88,1945.88,207.66,53.33,water
800,633.89,476.61,1944.72,207.74,53.58,water
800,593.68,435.72,1929.07,211.36,63.9,Spent oil
800,594.69,430.34,1928.67,211.27,63.97,Spent oil
800,593.15,435.18,1928.79,211.22,63.54,Spent oil
800,591.95,432.88,1929.94,211.23,64.79,Spent oil
800,632.67,474.35,1945.11,207.71,54.46,water
800,631.85,473.7,1946.34,207.77,54.13,water
800,631.95,475.43,1945.69,207.39,53.95,water
800,592.99,434.12,1928.91,211.13,63.86,Spent oil
800,592.08,432.53,1929.55,211.2,63.6,Spent oil
800,592.76,435.02,1929.28,211.03,63.97,Spent oil
800,590.53,430.51,1929.42,211.22,64.03,Spent oil
800,633.2,475.7,1946.43,207.67,53.48,water
800,632.9,473.82,1945.66,207.92,54.04,water
800,592.04,433.27,1928.72,211.36,63.88,Spent oil
800,633.83,477.07,1945.22,207.64,53.24,water
800,594.51,432.08,1928.59,211.15,63.64,Spent oil
800,590.93,428.76,1930.83,211.16,63.79,Spent oil
800,631.83,476.02,1946.6,207.64,54.59,water
800,592.11,433.38,1928.28,211.19,64.14,Spent oil
800,591.87,433.33,1928.3,211.08,63.47,Spent oil
800,634.06,477.6,1946.15,207.56,54.09,water
800,592.92,431.09,1929.4,211.25,63.39,Spent oil
800,592.82,433.75,1929.41,211.25,64.32,Spent oil
800,630.09,477.53,1945.71,207.6,53.75,water
800,594.08,430.02,1929.01,211.28,63.91,Spent oil
800,631.16,476.21,1946.05,207.62,54.39,water
800,593.27,431.95,1929.13,211.2,63.48,Spent oil
800,633.29,475.6,1944.54,207.8,53.43,water
800,634.81,476.25,1945.72,207.7,53.71,water
800,631.06,474.98,1945.35,207.76,54.29,water
800,588.95,431.69,1929.18,211.11,63.4,Spent oil
800,633.16,475.77,1947.63,207.68,52.92,water
800,635.43,474.07,1946.08,207.67,53.76,water
800,634.64,474.07,1945.67,207.61,54.12,water
800,633.19,476.75,1946.41,207.68,54.35,water
800,632.21,473.97,1946.15,207.51,53.76,water
800,594.32,433.73,1929.33,211.11,63.79,Spent oil
800,591.82,433.42,1929.44,211.14,64.35,Spent oil
800,593.86,430.1,1930.3,211.14,63.28,Spent oil
800,593.9,431.69,1928.41,211.14,63.8,Spent oil
800,594.68,434.54,1929.36,211.16,64.01,Spent oil
800,597.06,431.23,1928.53,211.23,64.1,Spent oil
800,593.74,432.01,1929.41,211.28,63.76,Spent oil
800,632.19,476.42,1945.31,207.62,53.93,water
800,593.15,433.91,1928.83,211.02,63.06,Spent oil
800,630.42,475.34,1945.68,207.57,53.69,water
800,631.92,474.81,1946.44,207.64,54.08,water
800,592.62,434.88,1929.62,211.13,63.59,Spent oil
800,632.16,478.36,1945.12,207.61,53.94,water
800,633.11,477.21,1945.89,207.54,54.08,water
800,631.75,475.85,1945.44,207.64,53.8,water
800,634.47,474.49,1945.11,207.72,53.98,water
800,593.19,431.46,1928.95,211.24,63.6,Spent oil
800,593.18,433.51,1928.9,211.1,63.87,Spent oil
800,592.73,433.36,1930.52,211.12,64.16,Spent oil
800,593.41,434.85,1929.34,211.06,64.0,Spent oil
800,594.35,433.71,1928.26,211.17,63.73,Spent oil
800,591.97,430.43,1928.74,211.07,64.02,Spent oil
800,592.27,434.32,1929.69,211.24,64.19,Spent oil
800,592.76,431.2,1930.32,210.95,63.21,Spent oil
800,591.3,432.14,1928.14,211.13,64.35,Spent oil
800,592.04,433.1,1927.96,211.21,63.82,Spent oil
800,632.23,478.75,1946.97,207.72,54.07,water
800,594.42,437.45,1929.31,211.5,64.36,Spent oil
800,633.27,476.64,1945.34,207.74,53.43,water
800,633.17,475.44,1946.18,207.58,53.67,water
800,634.09,476.53,1944.3,207.69,53.82,water
800,632.71,477.07,1945.86,207.48,53.64,water
800,593.74,432.23,1929.27,211.16,64.55,Spent oil
800,632.76,478.45,1946.41,207.6,53.62,water
800,593.56,433.07,1928.48,211.28,63.74,Spent oil
800,592.37,433.48,1929.13,211.1,64.01,Spent oil
800,629.48,476.73,1945.31,207.69,53.49,water
800,593.0,433.36,1929.23,211.09,63.8,Spent oil
800,634.9,477.0,1945.33,207.91,54.03,water
800,634.2,474.78,1945.62,207.66,53.8,water
800,594.55,431.87,1928.49,211.39,63.91,Spent oil
800,594.93,431.05,1929.47,211.27,63.75,Spent oil
800,633.02,476.39,1946.37,207.76,53.38,water
800,593.47,433.9,1928.94,211.22,64.05,Spent oil
800,592.32,433.42,1929.1,211.22,64.56,Spent oil
800,592.75,435.27,1928.22,210.93,63.95,Spent oil
800,633.76,475.71,1945.68,207.67,54.0,water
800,634.59,476.74,1945.83,207.8,54.17,water
800,592.99,431.06,1930.63,211.16,63.49,Spent oil
800,592.56,432.13,1928.42,211.0,64.54,Spent oil
800,593.19,433.78,1929.95,211.16,64.01,Spent oil
800,594.03,434.01,1929.67,211.38,64.52,Spent oil
800,591.16,432.27,1929.25,211.32,63.68,Spent oil
800,629.68,475.61,1946.9,207.69,54.56,water
800,592.42,430.41,1929.3,211.29,64.21,Spent oil
800,631.19,475.18,1946.09,207.66,54.12,water
800,592.48,434.07,1929.05,210.96,64.02,Spent oil
800,632.69,476.59,1946.59,207.59,53.83,water
800,592.55,433.48,1929.73,211.36,64.37,Spent oil
800,634.94,475.8,1945.49,207.67,53.97,water
800,593.65,432.73,1928.3,211.14,63.24,Spent oil
800,633.32,474.72,1945.74,207.66,53.52,water
800,633.77,476.78,1945.39,207.93,53.85,water
800,631.3,476.36,1945.82,207.9,54.03,water
800,634.36,476.47,1946.59,207.97,53.9,water
800,632.79,474.92,1945.59,207.68,54.35,water
800,633.84,472.45,1945.83,207.74,53.23,water
800,591.69,434.39,1929.11,210.98,63.99,Spent oil
800,630.72,474.99,1946.36,207.88,53.28,water
800,594.34,431.41,1927.75,211.03,64.21,Spent oil
800,593.72,433.77,1928.72,211.2,63.91,Spent oil
800,591.92,432.12,1929.21,211.04,64.09,Spent oil
800,591.97,434.33,1929.79,211.1,63.63,Spent oil
800,594.77,433.66,1928.79,211.07,64.39,Spent oil
800,631.23,476.76,1944.75,207.63,54.29,water
800,635.21,473.64,1946.23,207.63,54.13,water
800,631.64,477.56,1945.48,207.63,53.87,water
800,594.09,433.12,1928.37,211.27,64.15,Spent oil
800,632.44,475.16,1945.49,207.56,53.67,water
800,633.75,475.94,1945.75,207.73,54.22,water
800,632.14,473.02,1945.5,207.85,54.5,water
800,632.67,476.34,1944.55,207.64,54.3,water
800,632.96,474.16,1946.39,207.61,53.66,water
800,591.78,430.66,1929.84,211.14,64.07,Spent oil
800,633.94,473.41,1946.25,207.84,53.46,water
800,592.47,434.41,1928.41,211.19,64.14,Spent oil
800,592.87,431.76,1928.96,211.1,64.1,Spent oil
800,591.79,435.05,1929.08,211.23,63.28,Spent oil
800,589.59,431.91,1929.44,211.03,63.53,Spent oil
800,592.92,430.12,1929.48,211.25,63.84,Spent oil
800,636.29,474.02,1945.42,207.75,53.81,water
800,634.0,477.6,1945.91,207.66,53.49,water
800,632.87,475.48,1946.13,207.6,54.06,water
800,592.82,431.89,1929.94,211.06,64.03,Spent oil
800,632.93,475.96,1946.28,207.77,53.85,water
800,633.67,476.48,1946.33,207.85,53.65,water
800,591.53,434.42,1929.13,211.09,64.31,Spent oil
800,594.75,434.92,1929.92,211.23,64.53,Spent oil
800,594.19,432.17,1929.32,210.91,63.77,Spent oil
800,594.2,430.7,1928.57,211.1,63.72,Spent oil
800,633.52,475.09,1946.69,207.7,54.09,water
800,593.22,433.12,1929.49,211.06,63.81,Spent oil
800,594.13,431.25,1928.82,211.06,63.89,Spent oil
800,633.73,474.26,1945.58,207.62,54.18,water
800,632.4,476.24,1946.04,207.74,53.24,water
800,592.38,432.65,1929.35,211.15,64.41,Spent oil
800,633.04,475.77,1945.98,207.43,53.95,water
800,595.36,431.57,1929.26,210.91,63.79,Spent oil
800,591.45,432.37,1930.09,211.1,63.91,Spent oil
800,630.84,474.31,1946.5,207.76,53.91,water
800,633.13,477.07,1945.97,207.36,53.31,water
800,593.26,434.29,1929.64,211.11,64.47,Spent oil
800,593.43,429.91,1928.47,211.11,63.95,Spent oil
800,593.53,431.31,1929.32,211.34,64.1,Spent oil
800,632.59,473.44,1946.93,207.65,54.26,water
800,595.28,431.73,1928.95,211.22,63.58,Spent oil
800,590.94,432.59,1928.58,211.19,64.11,Spent oil
800,592.03,430.52,1928.69,210.91,63.85,Spent oil
800,593.05,431.32,1928.43,211.26,64.24,Spent oil
800,590.88,431.19,1928.61,211.2,63.19,Spent oil
800,632.65,476.04,1945.64,207.76,53.88,water
800,595.52,432.83,1928.25,211.65,63.73,Spent oil
800,593.22,431.62,1929.09,210.91,64.09,Spent oil
800,593.51,432.99,1929.62,211.38,64.11,Spent oil
800,591.42,431.89,1928.54,211.13,63.69,Spent oil
800,632.03,475.31,1946.76,207.74,53.67,water
800,632.37,478.26,1946.16,207.69,53.88,water
800,632.45,477.76,1946.47,207.65,53.6,water
800,594.99,430.74,1928.69,211.1,64.24,Spent oil
800,593.97,433.98,1929.59,211.21,63.81,Spent oil
800,631.34,476.95,1945.21,207.51,52.89,water
800,633.25,473.97,1946.39,207.79,53.79,water
800,633.6,476.96,1945.96,207.65,53.55,water
800,594.79,435.06,1929.41,211.03,63.36,Spent oil
800,595.41,431.01,1928.38,211.11,63.5,Spent oil
800,631.47,474.33,1945.33,207.85,53.96,water
800,631.76,477.27,1946.21,207.63,54.39,water
800,631.13,476.13,1945.3,207.74,54.03,water
800,592.86,433.56,1929.35,211.08,63.73,Spent oil
800,593.84,433.24,1928.27,211.26,64.1,Spent oil
800,594.58,433.31,1929.58,211.25,63.78,Spent oil
800,632.79,473.7,1945.13,207.93,53.67,water
800,632.45,477.31,1946.19,207.68,53.51,water
800,593.4,434.5,1929.45,211.25,63.32,Spent oil
800,631.73,475.37,1945.45,207.71,53.78,water
800,596.12,432.65,1929.43,211.33,64.0,Spent oil
800,630.64,473.39,1946.01,207.61,53.89,water
800,633.16,476.5,1945.54,207.79,53.77,water
850,508.71,477.23,1806.93,230.8,51.34,water
850,448.51,321.72,1691.34,215.51,66.94,Spent oil
850,509.68,477.47,1816.71,230.2,52.05,water
850,502.83,475.66,1821.65,231.46,52.36,water
850,451.11,317.42,1694.22,214.88,67.09,Spent oil
850,451.19,326.32,1687.92,214.44,66.87,Spent oil
850,504.71,476.95,1814.52,231.23,52.5,water
850,451.09,321.94,1695.0,214.77,66.69,Spent oil
850,452.79,316.53,1693.77,215.35,66.12,Spent oil
850,445.86,328.93,1691.57,214.77,67.27,Spent oil
850,451.25,325.46,1692.0,214.9,66.43,Spent oil
850,501.35,472.71,1821.93,230.94,51.68,water
850,448.34,327.29,1691.84,215.09,66.64,Spent oil
850,509.52,473.01,1818.47,229.56,51.69,water
850,505.14,471.47,1828.43,230.05,51.94,water
850,503.96,471.59,1812.58,231.19,52.34,water
850,505.9,466.08,1810.69,230.6,52.34,water
850,454.35,324.41,1697.58,214.64,66.27,Spent oil
850,446.62,311.88,1691.13,214.17,66.48,Spent oil
850,448.17,315.16,1692.72,214.33,67.28,Spent oil
850,509.26,464.43,1815.41,229.54,52.42,water
850,509.97,475.25,1817.71,230.61,53.23,water
850,506.09,474.9,1825.91,230.34,52.77,water
850,447.8,320.06,1697.66,214.39,67.32,Spent oil
850,510.44,470.05,1822.66,230.63,51.45,water
850,453.41,315.46,1687.87,215.13,67.12,Spent oil
850,451.6,324.37,1689.04,216.09,66.7,Spent oil
850,448.64,318.84,1681.6,214.09,66.45,Spent oil
850,450.15,323.56,1690.55,215.58,66.82,Spent oil
850,505.97,470.9,1823.08,231.21,52.65,water
850,450.91,322.83,1696.4,214.5,66.99,Spent oil
850,509.16,482.81,1817.88,230.78,51.71,water
850,451.99,325.03,1694.02,214.68,67.11,Spent oil
850,504.16,473.48,1815.82,230.77,51.83,water
850,509.02,477.12,1819.76,231.51,52.27,water
850,450.87,320.53,1697.5,215.27,66.57,Spent oil
850,451.61,321.88,1686.99,215.21,66.62,Spent oil
850,453.16,320.07,1695.44,214.69,67.12,Spent oil
850,504.09,474.83,1822.97,229.84,51.62,water
850,450.18,322.99,1692.29,214.81,67.73,Spent oil
850,449.2,316.44,1697.21,215.6,65.79,Spent oil
850,503.18,470.19,1831.27,229.82,51.85,water
850,450.94,314.29,1693.66,214.34,66.92,Spent oil
850,511.27,467.01,1820.59,230.74,52.46,water
850,446.6,315.22,1690.87,214.38,66.68,Spent oil
850,506.23,476.59,1819.66,230.23,52.13,water
850,507.56,470.86,1820.89,230.43,52.37,water
850,450.49,324.63,1694.98,214.17,66.61,Spent oil
850,506.07,475.91,1814.36,230.13,52.88,water
850,447.68,311.13,1695.03,215.32,67.16,Spent oil
850,450.71,325.4,1700.57,214.2,67.18,Spent oil
850,504.79,480.13,1820.84,229.78,51.66,water
850,445.91,316.43,1698.36,214.58,66.69,Spent oil
850,508.66,478.01,1817.81,231.08,52.01,water
850,508.19,471.06,1822.17,230.56,51.64,water
850,506.39,476.25,1820.09,230.41,52.35,water
850,506.74,468.84,1814.67,230.69,51.88,water
850,508.42,465.96,1820.26,229.7,52.5,water
850,506.73,473.64,1814.49,230.95,51.61,water
850,508.08,475.05,1816.07,230.88,53.05,water
850,505.7,473.56,1819.69,230.44,51.7,water
850,452.85,315.4,1695.43,215.49,66.84,Spent oil
850,450.89,319.66,1688.88,214.3,67.14,Spent oil
850,506.67,477.19,1823.51,231.3,51.87,water
850,447.73,321.6,1696.64,215.02,67.17,Spent oil
850,450.82,322.83,1691.01,214.74,66.1,Spent oil
850,448.6,318.19,1687.34,214.92,67.48,Spent oil
850,448.99,328.21,1693.48,214.87,66.74,Spent oil
850,448.63,315.44,1692.15,215.61,66.42,Spent oil
850,448.14,324.49,1694.62,214.33,66.58,Spent oil
850,510.5,482.15,1817.26,230.25,52.58,water
850,452.89,324.46,1685.27,215.51,66.43,Spent oil
850,454.05,320.74,1692.41,214.6,66.34,Spent oil
850,447.83,318.97,1692.77,215.43,66.62,Spent oil
850,450.39,327.48,1696.91,215.88,66.12,Spent oil
850,503.73,467.98,1815.78,230.45,53.1,water
850,504.91,470.44,1826.26,231.05,51.87,water
850,504.47,473.56,1810.43,230.03,52.59,water
850,508.75,482.45,1824.64,231.09,52.27,water
850,449.46,323.91,1693.13,215.04,66.22,Spent oil
850,508.41,470.45,1822.65,230.93,52.16,water
850,507.49,474.03,1819.21,230.31,52.56,water
850,510.85,472.38,1823.89,229.75,52.06,water
850,503.36,471.86,1817.15,230.95,52.77,water
850,452.74,327.17,1689.27,213.78,67.26,Spent oil
850,508.56,468.26,1825.12,230.49,52.63,water
850,448.32,330.59,1693.62,215.45,66.49,Spent oil
850,508.29,480.23,1819.84,230.78,51.6,water
850,450.92,327.77,1699.57,216.01,66.41,Spent oil
850,449.8,319.32,1689.57,215.5,66.83,Spent oil
850,504.66,474.9,1821.49,230.31,52.44,water
850,504.87,467.92,1816.26,230.69,51.04,water
850,510.35,472.87,1818.28,230.64,52.16,water
850,506.29,478.41,1819.18,229.79,52.24,water
850,451.8,328.89,1687.5,214.41,66.59,Spent oil
850,448.68,315.82,1690.69,214.62,67.4,Spent oil
850,504.74,473.73,1824.82,229.54,52.38,water
850,508.43,474.9,1822.77,230.7,52.83,water
850,447.58,314.25,1693.84,214.79,66.62,Spent oil
850,505.47,478.94,1819.93,229.74,52.64,water
850,450.32,317.9,1692.82,215.15,67.57,Spent oil
850,506.51,474.66,1824.84,231.07,52.84,water
850,449.9,319.38,1693.24,215.06,66.17,Spent oil
850,451.03,317.55,1695.14,214.75,66.6,Spent oil
850,451.62,321.8,1699.17,215.26,66.55,Spent oil
850,451.71,320.67,1690.69,215.31,66.98,Spent oil
850,448.3,319.82,1700.99,215.1,67.08,Spent oil
850,505.73,471.76,1812.11,230.21,51.73,water
850,452.62,323.58,1701.31,215.08,66.76,Spent oil
850,508.06,484.72,1817.22,231.34,51.12,water
850,447.53,322.6,1693.05,214.6,67.47,Spent oil
850,450.95,327.26,1685.78,216.1,66.47,Spent oil
850,502.37,468.16,1816.85,230.38,52.19,water
850,506.38,476.58,1814.27,230.69,52.0,water
850,510.05,469.75,1816.18,230.3,52.75,water
850,504.41,467.68,1818.25,230.79,50.7,water
850,448.6,317.82,1698.34,213.96,66.72,Spent oil
850,507.8,482.2,1819.78,230.37,52.11,water
850,447.19,327.01,1695.48,214.32,66.5,Spent oil
850,505.04,477.04,1814.03,230.75,53.05,water
850,507.47,467.38,1814.98,231.22,51.7,water
850,448.99,320.77,1702.05,215.29,67.13,Spent oil
850,449.78,323.48,1690.88,213.61,66.91,Spent oil
850,507.76,476.68,1826.16,231.81,52.81,water
850,451.09,311.81,1693.05,215.09,66.39,Spent oil
850,450.78,317.0,1694.13,214.5,66.35,Spent oil
850,449.58,321.49,1698.84,215.02,67.29,Spent oil
850,450.98,324.76,1699.73,215.03,66.95,Spent oil
850,450.0,309.89,1693.63,214.56,65.93,Spent oil
850,451.16,320.96,1692.41,215.04,66.45,Spent oil
850,449.27,322.62,1693.87,214.59,66.93,Spent oil
850,449.89,326.46,1695.61,214.7,67.16,Spent oil
850,504.33,479.49,1822.79,230.29,51.81,water
850,450.18,325.01,1694.14,214.13,65.23,Spent oil
850,504.68,471.37,1821.59,230.75,52.43,water
850,448.04,311.46,1701.35,215.26,66.1,Spent oil
850,450.76,319.7,1695.8,215.22,65.69,Spent oil
850,450.67,327.29,1695.49,215.39,65.27,Spent oil
850,451.8,329.42,1687.42,215.11,67.15,Spent oil
850,505.44,479.59,1807.26,230.37,52.23,water
850,507.1,478.06,1820.57,231.14,52.04,water
850,451.34,323.91,1693.7,214.17,67.45,Spent oil
850,507.17,472.69,1816.59,230.17,52.49,water
850,448.61,321.13,1695.19,214.39,67.56,Spent oil
850,450.55,330.92,1693.85,215.53,66.01,Spent oil
850,507.01,470.59,1823.83,231.19,52.14,water
850,506.3,484.51,1819.24,230.94,51.33,water
850,446.12,320.09,1690.83,215.53,66.61,Spent oil
850,450.57,329.05,1698.49,214.44,66.6,Spent oil
850,510.67,468.07,1817.9,230.86,52.48,water
850,449.54,325.03,1696.44,214.86,66.75,Spent oil
850,504.85,471.71,1816.75,231.14,52.48,water
850,450.99,314.14,1691.25,214.87,67.09,Spent oil
850,450.87,323.03,1694.49,214.72,67.84,Spent oil
850,508.65,481.21,1818.92,230.97,52.0,water
850,503.8,471.12,1820.98,231.16,51.68,water
850,507.74,467.56,1817.68,230.3,52.29,water
850,451.42,321.34,1686.02,214.9,66.32,Spent oil
850,449.97,321.36,1692.21,214.34,67.49,Spent oil
850,450.92,324.82,1697.62,213.54,66.58,Spent oil
850,452.29,327.01,1692.81,215.04,66.44,Spent oil
850,508.02,475.4,1817.77,231.01,51.92,water
850,447.99,331.93,1698.47,215.08,67.1,Spent oil
850,451.87,323.06,1690.98,213.85,66.65,Spent oil
850,450.12,319.96,1687.32,214.73,66.4,Spent oil
850,506.43,466.95,1818.15,229.44,53.02,water
850,450.4,320.41,1691.98,215.69,66.29,Spent oil
850,449.95,320.01,1689.86,214.33,66.75,Spent oil
850,508.65,480.94,1818.09,231.37,52.5,water
850,450.08,324.36,1696.29,215.46,65.89,Spent oil
850,448.03,315.42,1694.08,214.43,66.98,Spent oil
850,505.51,476.66,1820.21,230.04,51.62,water
850,450.6,325.49,1702.12,215.12,67.15,Spent oil
850,452.69,330.15,1692.61,214.46,66.23,Spent oil
850,451.44,326.67,1695.35,214.99,67.09,Spent oil
850,504.6,479.86,1816.61,230.4,52.73,water
850,455.17,322.17,1690.39,213.94,67.17,Spent oil
850,450.77,323.95,1691.54,213.69,66.86,Spent oil
850,508.82,482.52,1816.75,230.8,52.04,water
850,505.99,468.47,1820.45,230.36,51.86,water
850,451.31,319.94,1704.48,214.62,67.49,Spent oil
850,451.91,317.64,1690.96,215.32,66.37,Spent oil
850,452.66,323.9,1692.28,215.58,66.2,Spent oil
850,452.34,328.53,1693.84,214.78,67.07,Spent oil
850,508.02,472.47,1820.61,230.48,51.75,water
850,449.63,308.84,1695.28,215.21,66.24,Spent oil
850,505.16,473.48,1824.52,229.91,51.42,water
850,506.95,480.69,1808.16,230.79,51.91,water
850,452.1,324.76,1683.59,215.24,66.69,Spent oil
850,449.81,324.17,1691.93,215.31,66.86,Spent oil
850,508.4,474.2,1823.7,229.59,52.65,water
850,509.17,468.76,1811.96,230.25,52.43,water
850,448.43,324.64,1680.86,214.44,66.63,Spent oil
850,504.63,471.18,1821.38,230.73,52.06,water
850,449.97,333.72,1695.19,215.2,66.99,Spent oil
850,450.86,324.94,1689.31,215.76,67.39,Spent oil
850,505.25,472.56,1814.51,230.39,52.23,water
850,508.97,472.39,1814.58,230.39,51.92,water
850,451.09,321.33,1694.61,215.57,66.22,Spent oil
850,506.37,474.42,1816.1,230.84,51.42,water
850,447.41,327.92,1696.3,215.64,67.07,Spent oil
850,447.64,322.85,1681.53,215.09,67.03,Spent oil
850,450.81,317.86,1690.34,214.29,67.03,Spent oil
850,502.06,486.0,1813.89,229.93,52.09,water
850,452.26,322.11,1692.99,214.07,67.45,Spent oil
850,449.94,326.02,1691.75,215.3,66.48,Spent oil
850,456.68,318.53,1697.64,215.59,67.22,Spent oil
850,454.82,323.82,1685.92,215.96,66.71,Spent oil
850,449.89,323.53,1694.32,215.4,66.42,Spent oil
850,450.04,311.56,1696.58,215.58,67.04,Spent oil
850,452.22,332.8,1702.31,214.61,66.94,Spent oil
850,453.62,328.86,1692.0,214.29,66.91,Spent oil
850,447.0,319.68,1695.55,215.4,66.77,Spent oil
850,446.71,315.84,1686.16,215.16,66.71,Spent oil
850,449.02,323.73,1683.57,214.99,67.96,Spent oil
850,507.44,476.19,1822.59,230.89,52.77,water
850,451.23,323.78,1694.1,215.11,67.1,Spent oil
850,452.37,322.88,1699.32,215.64,66.79,Spent oil
850,447.87,324.59,1688.06,215.65,67.25,Spent oil
850,501.7,483.59,1821.15,230.97,52.43,water
850,451.95,324.93,1702.36,215.4,66.74,Spent oil
850,504.65,470.01,1820.71,230.96,52.0,water
850,446.25,329.25,1695.34,214.67,66.69,Spent oil
850,450.54,330.77,1694.16,215.35,65.1,Spent oil
850,507.86,492.87,1811.93,229.89,52.27,water
850,450.01,315.73,1700.1,215.52,66.48,Spent oil
850,505.38,477.04,1816.17,230.01,52.98,water
850,505.97,464.39,1821.08,230.83,52.17,water
850,449.52,324.85,1687.23,214.46,66.12,Spent oil
850,447.58,318.86,1688.92,215.24,66.7,Spent oil
850,448.83,332.3,1700.45,214.91,66.19,Spent oil
850,451.28,317.63,1692.59,214.04,66.97,Spent oil
850,506.93,466.53,1825.27,230.9,52.31,water
850,506.62,473.16,1818.51,230.35,52.65,water
850,448.28,311.09,1686.0,215.42,66.32,Spent oil
850,505.93,479.81,1822.79,230.67,52.18,water
850,501.98,464.48,1816.26,230.89,51.46,water
850,450.6,321.99,1697.2,214.4,67.09,Spent oil
850,509.12,464.42,1818.97,230.34,52.43,water
850,503.37,473.98,1812.05,230.41,52.42,water
850,449.09,330.78,1694.84,215.41,66.73,Spent oil
850,506.94,477.68,1828.55,231.6,52.37,water
850,452.73,317.14,1696.29,214.48,67.56,Spent oil
850,505.4,475.55,1818.61,231.27,52.01,water
850,448.88,321.94,1698.86,213.72,66.8,Spent oil
850,502.39,478.29,1819.79,230.01,51.6,water
850,506.49,468.28,1819.78,230.14,51.71,water
850,454.3,325.06,1689.31,214.18,66.78,Spent oil
900,514.11,377.8,2394.03,201.82,68.44,Spent oil
900,566.67,430.66,1828.56,205.04,51.65,water
900,567.38,427.26,1844.02,205.0,52.11,water
900,512.47,374.54,2373.43,201.52,68.33,Spent oil
900,570.97,424.25,1829.12,205.27,51.57,water
900,569.91,427.8,1814.83,205.11,51.16,water
900,512.83,379.45,2412.09,202.13,68.32,Spent oil
900,512.49,379.04,2419.29,201.66,68.71,Spent oil
900,513.13,378.67,2405.81,201.67,67.61,Spent oil
900,512.73,380.41,2407.57,201.71,68.33,Spent oil
900,510.27,377.44,2405.28,201.81,68.42,Spent oil
900,512.42,379.94,2429.94,201.72,67.86,Spent oil
900,566.76,424.89,1829.31,205.25,51.32,water
900,512.49,376.8,2414.32,201.66,68.42,Spent oil
900,567.95,424.59,1794.12,205.01,51.0,water
900,517.41,377.9,2401.84,201.56,68.49,Spent oil
900,512.25,378.3,2428.45,201.51,67.75,Spent oil
900,566.1,427.94,1821.38,205.12,52.29,water
900,512.06,378.49,2423.47,201.74,69.65,Spent oil
900,513.37,376.76,2446.53,201.7,67.77,Spent oil
900,572.26,427.41,1842.22,205.33,51.98,water
900,511.15,375.77,2411.67,201.93,67.85,Spent oil
900,565.74,430.12,1809.95,205.14,52.28,water
900,513.96,377.85,2356.54,201.56,67.54,Spent oil
900,509.57,377.53,2406.22,201.71,68.56,Spent oil
900,568.04,430.51,1813.8,205.11,51.16,water
900,511.81,376.21,2417.86,201.7,68.16,Spent oil
900,568.77,425.78,1817.38,205.1,51.06,water
900,570.29,425.83,1813.92,205.1,52.15,water
900,567.54,427.62,1783.53,205.13,51.18,water
900,511.78,379.13,2390.15,201.7,68.6,Spent oil
900,512.3,379.67,2419.66,201.81,68.08,Spent oil
900,569.21,432.23,1856.33,205.22,51.6,water
900,512.53,374.45,2407.7,201.67,68.37,Spent oil
900,513.2,379.44,2416.56,201.93,67.83,Spent oil
900,514.02,377.41,2429.57,201.66,68.4,Spent oil
900,569.7,426.72,1803.7,204.99,52.57,water
900,513.24,377.3,2417.37,201.83,67.82,Spent oil
900,565.74,426.15,1805.17,205.08,52.36,water
900,512.43,381.32,2427.74,201.82,69.16,Spent oil
900,513.29,379.85,2412.88,201.49,67.8,Spent oil
900,570.37,427.78,1826.81,205.35,50.82,water
900,510.95,380.74,2393.43,201.86,68.46,Spent oil
900,567.59,425.1,1835.32,205.0,51.35,water
900,511.18,376.06,2453.15,201.6,69.38,Spent oil
900,569.98,423.94,1799.6,205.38,51.69,water
900,514.4,377.16,2402.65,201.69,67.81,Spent oil
900,511.51,378.66,2414.55,201.68,67.61,Spent oil
900,514.15,378.56,2426.11,201.51,68.92,Spent oil
900,569.16,428.0,1808.94,205.14,51.33,water
900,568.66,425.28,1761.58,205.15,51.7,water
900,568.49,429.14,1848.9,205.27,52.23,water
900,513.82,378.8,2425.57,201.61,68.0,Spent oil
900,569.56,429.02,1784.29,205.0,51.64,water
900,573.46,424.44,1807.93,205.23,51.66,water
900,567.21,428.28,1853.25,205.3,52.07,water
900,569.95,425.67,1850.75,204.99,52.02,water
900,567.85,427.05,1840.14,205.31,51.54,water
900,567.17,428.67,1816.92,205.18,51.71,water
900,568.89,427.9,1822.32,205.31,51.45,water
900,569.18,426.25,1817.86,205.17,50.8,water
900,574.75,427.75,1844.09,204.88,51.82,water
900,568.54,425.07,1802.35,205.16,52.78,water
900,510.07,380.39,2392.95,201.91,67.76,Spent oil
900,512.88,378.02,2430.77,201.67,67.83,Spent oil
900,564.76,429.69,1819.67,205.13,51.16,water
900,512.15,377.46,2438.44,201.76,68.71,Spent oil
900,512.36,377.47,2395.74,201.43,68.54,Spent oil
900,570.5,426.41,1819.45,205.38,51.58,water
900,570.86,429.27,1801.38,205.07,51.13,water
900,567.9,426.5,1820.74,205.24,51.72,water
900,512.03,379.5,2378.93,201.77,67.36,Spent oil
900,567.38,427.07,1810.43,205.33,51.75,water
900,510.07,374.93,2379.81,201.83,68.79,Spent oil
900,569.53,426.74,1835.04,205.15,50.94,water
900,509.78,376.32,2424.66,201.67,67.38,Spent oil
900,511.5,378.44,2373.69,201.88,69.21,Spent oil
900,566.92,425.66,1848.37,204.95,51.31,water
900,570.01,429.36,1872.61,205.26,52.34,water
900,515.93,378.22,2410.69,201.65,68.19,Spent oil
900,509.73,378.07,2396.38,201.93,68.18,Spent oil
900,565.2,428.88,1879.42,205.2,51.93,water
900,568.66,429.42,1793.12,205.26,51.15,water
900,512.36,378.34,2410.15,201.79,68.36,Spent oil
900,569.35,426.39,1824.33,204.97,51.45,water
900,511.44,375.28,2437.75,201.68,67.5,Spent oil
900,568.51,426.54,1828.08,205.26,51.87,water
900,569.65,426.66,1810.2,205.2,51.52,water
900,570.99,427.93,1800.78,205.32,51.58,water
900,508.42,377.78,2402.61,201.83,67.57,Spent oil
900,568.17,428.94,1799.62,205.06,52.6,water
900,512.76,377.31,2410.73,201.68,68.79,Spent oil
900,567.07,427.64,1808.84,205.19,52.24,water
900,515.79,380.45,2378.61,201.5,68.1,Spent oil
900,511.06,378.98,2435.87,201.98,67.26,Spent oil
900,568.83,427.64,1810.22,205.23,52.82,water
900,513.44,377.33,2383.32,201.93,68.24,Spent oil
900,511.15,377.27,2406.23,201.59,67.84,Spent oil
900,508.64,376.9,2411.15,201.93,68.52,Spent oil
900,511.47,377.44,2373.35,202.05,68.97,Spent oil
900,570.97,429.06,1827.5,205.02,51.66,water
900,568.24,427.35,1798.78,205.27,52.42,water
900,567.22,425.38,1856.23,205.18,52.31,water
900,514.18,381.47,2420.64,201.59,67.65,Spent oil
900,511.67,378.94,2401.4,201.84,67.88,Spent oil
900,567.89,425.28,1805.07,205.28,52.23,water
900,569.21,426.97,1818.4,205.11,50.08,water
900,513.87,378.57,2422.49,201.92,68.19,Spent oil
900,573.67,430.71,1820.06,204.98,50.83,water
900,570.56,425.81,1816.07,205.0,51.39,water
900,514.65,380.08,2410.95,201.8,68.1,Spent oil
900,567.9,430.18,1808.01,205.18,51.46,water
900,510.28,377.28,2402.58,201.69,67.96,Spent oil
900,569.03,427.26,1777.14,205.28,51.03,water
900,512.54,376.57,2430.01,201.84,69.63,Spent oil
900,510.17,378.02,2415.95,201.88,69.38,Spent oil
900,511.98,378.32,2393.62,201.77,67.6,Spent oil
900,513.13,379.53,2449.28,201.85,69.21,Spent oil
900,513.05,380.28,2411.54,201.73,68.05,Spent oil
900,569.92,426.43,1799.01,205.43,51.75,water
900,569.49,424.31,1838.44,205.08,51.63,water
900,567.9,427.7,1828.88,205.43,51.28,water
900,511.3,378.89,2417.95,201.78,68.86,Spent oil
900,566.51,428.18,1811.72,205.01,51.74,water
900,515.9,377.81,2419.11,201.94,68.0,Spent oil
900,512.36,378.6,2404.28,201.8,67.51,Spent oil
900,568.46,430.38,1832.17,205.28,51.15,water
900,510.47,379.05,2370.05,201.93,67.32,Spent oil
900,574.78,427.09,1811.55,205.22,51.68,water
900,510.18,377.51,2445.6,201.71,67.58,Spent oil
900,511.47,378.08,2393.75,201.9,68.12,Spent oil
900,569.74,430.6,1808.01,205.18,52.47,water
900,513.53,378.06,2400.4,201.86,68.98,Spent oil
900,570.83,427.71,1795.29,204.92,51.65,water
900,515.95,377.54,2363.73,201.83,68.23,Spent oil
900,569.92,429.66,1815.79,205.1,52.77,water
900,510.22,381.8,2412.56,201.98,68.59,Spent oil
900,568.4,428.53,1819.5,205.25,51.48,water
900,569.53,427.88,1817.57,205.21,50.83,water
900,516.47,378.44,2410.63,201.84,68.51,Spent oil
900,566.11,423.58,1841.9,205.06,52.16,water
900,514.74,379.68,2405.76,201.98,67.91,Spent oil
900,512.69,378.61,2397.77,202.02,68.45,Spent oil
900,570.59,428.49,1814.73,205.23,51.46,water
900,568.71,426.5,1832.66,205.37,51.56,water
900,567.22,427.07,1850.0,205.11,50.21,water
900,570.41,427.02,1807.51,205.08,51.54,water
900,570.22,429.52,1822.65,205.18,52.24,water
900,514.27,377.72,2416.78,201.83,67.91,Spent oil
900,568.88,431.37,1799.92,205.13,51.7,water
900,511.13,379.13,2410.16,201.84,67.84,Spent oil
900,565.79,425.51,1790.06,205.22,51.88,water
900,570.55,427.52,1783.74,205.06,51.54,water
900,569.76,426.6,1828.23,205.24,51.12,water
900,510.4,374.55,2401.73,201.88,69.06,Spent oil
900,567.83,430.53,1824.8,205.2,52.22,water
900,511.4,379.61,2409.36,201.92,67.92,Spent oil
900,509.36,379.31,2389.39,201.63,68.57,Spent oil
900,510.69,378.67,2408.79,201.84,68.6,Spent oil
900,566.64,425.33,1794.91,205.04,52.05,water
900,511.5,377.54,2438.7,201.65,67.29,Spent oil
900,567.43,429.21,1792.35,205.1,52.26,water
900,509.08,376.55,2405.65,201.67,67.95,Spent oil
900,572.96,423.32,1798.88,205.11,51.46,water
900,514.84,377.98,2421.61,201.75,69.83,Spent oil
900,567.35,427.49,1813.69,205.28,51.85,water
900,569.45,427.98,1809.79,205.14,51.44,water
900,569.75,429.01,1838.36,204.99,50.37,water
900,514.71,379.49,2410.34,201.92,69.1,Spent oil
900,510.69,378.83,2420.49,201.68,67.49,Spent oil
900,571.09,429.83,1800.15,205.17,51.08,water
900,511.23,375.73,2380.47,201.83,68.09,Spent oil
900,509.66,379.26,2411.96,201.8,69.11,Spent oil
900,513.78,379.47,2403.09,201.91,68.73,Spent oil
900,514.91,376.22,2422.78,201.84,68.19,Spent oil
900,517.51,375.76,2408.07,201.68,68.46,Spent oil
900,509.93,377.08,2414.0,202.04,67.93,Spent oil
900,513.73,377.23,2375.92,201.8,68.36,Spent oil
900,568.09,429.05,1859.92,205.16,51.71,water
900,570.48,426.67,1817.17,205.3,52.24,water
900,509.39,376.89,2424.26,201.81,68.85,Spent oil
900,566.38,426.67,1803.17,205.23,51.96,water
900,567.36,429.69,1827.01,205.48,51.46,water
900,569.07,427.76,1793.45,205.15,52.11,water
900,511.05,378.07,2419.15,201.74,68.23,Spent oil
900,513.65,378.19,2402.32,201.79,67.64,Spent oil
900,514.38,380.63,2410.34,201.91,68.04,Spent oil
900,513.53,377.07,2424.27,201.6,68.33,Spent oil
900,515.57,380.68,2384.06,201.54,68.81,Spent oil
900,569.74,428.11,1806.33,205.11,51.56,water
900,509.9,378.1,2419.26,201.58,67.57,Spent oil
900,571.64,432.1,1864.29,205.13,51.7,water
900,511.12,376.54,2406.85,201.84,68.35,Spent oil
900,570.73,427.12,1832.9,205.07,51.78,water
900,515.48,376.23,2407.5,201.61,68.82,Spent oil
900,513.24,380.04,2450.19,201.79,68.88,Spent oil
900,509.34,381.33,2373.34,201.88,67.93,Spent oil
900,510.49,381.29,2411.7,201.58,67.92,Spent oil
900,514.98,380.52,2375.87,201.88,67.67,Spent oil
900,511.99,378.04,2357.52,201.88,68.69,Spent oil
900,569.07,427.1,1826.79,205.29,52.52,water
900,513.85,375.46,2412.64,201.93,68.09,Spent oil
900,570.3,431.29,1814.66,205.44,51.53,water
900,512.89,379.2,2407.52,201.74,69.14,Spent oil
900,568.49,426.88,1885.13,205.19,51.97,water
900,568.28,430.06,1815.21,205.13,51.93,water
900,570.63,426.04,1831.22,205.18,50.97,water
900,570.02,428.45,1807.06,205.36,52.07,water
900,568.4,427.44,1826.74,205.02,51.12,water
900,571.07,428.85,1815.63,205.08,51.0,water
900,512.07,378.27,2401.18,201.95,68.08,Spent oil
900,567.21,425.21,1858.48,205.3,51.33,water
900,510.81,378.51,2434.25,201.74,68.15,Spent oil
900,510.37,380.21,2412.58,201.88,67.43,Spent oil
900,568.37,427.69,1772.6,205.22,52.23,water
900,571.38,429.09,1813.07,205.36,52.33,water
900,510.72,376.56,2466.03,201.79,67.14,Spent oil
900,569.29,427.69,1815.79,205.3,52.24,water
900,567.6,426.65,1843.57,205.5,51.19,water
900,568.39,429.04,1850.62,205.25,52.17,water
900,565.89,427.79,1825.15,205.19,51.63,water
900,568.47,428.94,1803.06,205.27,51.69,water
900,568.52,429.64,1769.86,205.14,51.56,water
900,569.99,428.95,1834.84,205.47,52.38,water
900,512.78,378.86,2392.76,201.8,67.55,Spent oil
900,566.51,426.0,1824.26,205.15,52.03,water
900,514.5,378.38,2383.7,201.68,68.93,Spent oil
900,512.75,377.45,2404.21,201.91,68.7,Spent oil
900,512.73,377.78,2410.43,201.88,69.65,Spent oil
900,512.31,377.73,2415.32,201.72,67.97,Spent oil
900,567.87,426.03,1797.37,205.25,52.23,water
900,512.77,374.96,2434.66,201.6,68.22,Spent oil
900,513.28,377.21,2397.3,201.8,69.0,Spent oil
900,508.84,378.72,2374.85,201.83,68.28,Spent oil
900,511.25,376.03,2407.46,201.99,68.05,Spent oil
900,511.82,378.41,2410.45,201.69,69.05,Spent oil
900,569.42,431.06,1823.93,205.03,51.38,water
900,571.3,429.53,1848.96,205.07,50.84,water
900,510.79,381.25,2404.8,201.62,67.98,Spent oil
900,567.91,428.42,1818.1,205.34,52.03,water
900,567.88,429.78,1797.61,205.37,52.49,water
900,510.73,377.12,2426.82,201.82,68.35,Spent oil
900,511.64,377.26,2413.57,201.93,69.05,Spent oil
900,513.87,373.6,2400.98,201.8,67.48,Spent oil
900,566.8,429.81,1780.92,205.17,51.41,water
900,513.19,381.07,2439.82,201.74,68.11,Spent oil
900,565.51,426.77,1795.02,205.14,51.6,water
900,567.79,427.3,1808.27,204.99,51.72,water
